id,uid
1000,AgAD31oAAqeDUEg
1001,AgADq2MAAi0AAdhI
1002,AgADEmEAApMG2Eg
1003,AgADFWEAApMG2Eg
1004,AgADM1kAAu9k2Ug
1005,AgADSmEAApMG2Eg
1006,AgADTWEAApMG2Eg
1007,AgADUGEAApMG2Eg
1008,AgADVmEAApMG2Eg
1009,AgAD0lAAAvcH2Ug
1010,AgADFloAAu9k2Ug
1011,AgAD7F0AApMG4Eg
1012,AgAD8FcAAu-X2Ug
1013,AgADx1gAAi0AAeBI
1014,AgADeFkAAi0AAeBI
1014,AgADd1kAAi0AAeBI
1015,AgADkWAAApMG4Eg
1016,AgADTV4AAi0AAeBI
1017,AgADSWIAApMG4Eg
1018,AgADL1UAAq864Ug
1019,AgADRVUAAq864Ug
1020,AgADgWIAAjKC8Ug
1021,AgADhmIAAjKC8Ug
1021,AgADhGIAAjKC8Ug
1021,AgADhWIAAjKC8Ug
